"caso_id","tipo","id_municipio","municipio","cnpj_raiz_8","consorcio","periodo_alvo","status","fontes","achado","limite","proxima_conferencia","alterar_base"
"Z01","zero_2019","3162500","São João del-Rei","01098929","CISVER","2019","contexto_localizado","S02;S03;S04","Edital do CISVER para seleção em janeiro/2019 lista 16 municípios e não inclui São João; entrevista ao presidente em 04/04/2023 afirma não consorciamento. Contrato de Coronel Xavier Chaves confirma a sede em São João em 2019.","Edital está em espelho externo; rol no rodapé não é prova de ausência de qualquer pagamento. Entrevista de 2023 não fixa situação jurídica em todo 2019.","Obter relação formal de membros e contas/recebimentos de 2019; distinguir sede e município participante.","FALSE"
"Z02","zero_2019","3127701","Governador Valadares","01311508","CISDOCE","2019","contexto_localizado","S05;S06","SES/MG registra município fora dos CIS generalistas no levantamento posterior; projeto 262/2025 autoriza integração mas sua justificativa menciona participação anterior e manutenção do vínculo. MIDES contém R$ 9908.06 em 2020.","Não chamar 2025 de primeira adesão; fontes não datam saída/retorno nem comprovam causa do zero em 2019.","Conferir contas de 2019 e lançamento de 2020; recuperar atos de participação/saída anteriores ao projeto de 2025.","FALSE"
"Z03","zero_2019","3170206","Uberlândia","18151467","AMVAP Saúde / CISTM","2019","contexto_localizado","S09;S10;S11;S13","Lista oficial divulgada por Araguari em 11/10/2019 contém 20 municípios sem Uberlândia; protocolo de 2013 a inclui entre possíveis subscritores. UBERLANDIA.pdf de 2015 guardado na pasta AMVAP é CISTRI: CNPJ 19.455.924/0001-00.","Notícia recuperada apenas no índice web; página direta redireciona para erro/listagem. Protocolo não prova ratificação/permanência. Relatório de dezembro não fecha receitas anuais do município.","Recuperar rol/ratificações e receita por município em 2019; não usar contrato CISTRI como evidência AMVAP.","FALSE"
"Z04","zero_2019","3131307","Ipatinga","00853908","CONSAÚDE","2019","contexto_localizado","S01","Ipatinga consta no rol institucional do contrato 005/2019 entre CONSAÚDE e CEGED; documento distingue sede administrativa e clínica. MIDES tem R$ 704230.55 em 2018 e zero em 2019.","Menção em rodapé de contrato de prestador não substitui contrato municipal nem prova transferência em 2019.","Priorizar extrato de pagamentos da prefeitura/fundo e recebimentos do CONSAÚDE em 2019; verificar cobertura da extração.","FALSE"
"Z05","zero_2019","3159357","Santa Rita de Minas","00980259","CISMIRECAR","2019","contexto_localizado","S07;S12","Protocolo anexo à lei de Ubaporanga de 2011 inclui Santa Rita de Minas; captura COSECS de 2024 lista cinco municípios e não a inclui. Zero na extração em todos os anos 2014–2021.","Fontes separadas por 13 anos não informam quando houve mudança; ausência em lista não prova retirada ou ausência de serviços/pagamentos.","Localizar ratificação/retirada e contratos/contas específicos de Santa Rita em 2019.","FALSE"
"Z06","zero_2019","3150158","Piedade de Caratinga","00980259","CISMIRECAR","2019","contexto_localizado","S07;S12","Protocolo de 2011 inclui Piedade; captura COSECS de 2024 não. MIDES positivo em 2014–2016 e 2021, com intervalo zerado 2017–2020.","Não interpolar vínculo jurídico ou financeiro pelos anos vizinhos; retorno de pagamento não data retorno institucional.","Conferir contas municipais/consorciais de 2017–2021, começando por 2019 e retorno de R$ 779355.34 em 2021.","FALSE"
"C01","conflito_credor","3118403","Conselheiro Pena","00639952","CISVI","2014–2021","sem_documento_conciliador","S15;S16","CNPJ do CISVI associado ao nome MINISTERIO DA FAZENDA em oito anos; 2019 possui 14 registros e R$ 11468.66, inclusive fonte 100. Portal municipal localizado.","Nome e fonte contábil não identificam beneficiário correto. HTML público do portal não forneceu comprovante conciliador nesta rodada; não declarar que requer autenticação.","Obter empenho/liquidação/ordem bancária vinculados às datas e valores do MIDES, com CNPJ e beneficiário.","FALSE"
"C02","conflito_credor","3161205","São Francisco de Paula","00079634","CISMARG","2014–2021","contexto_localizado","S08;S17","Lei 979/2017 autoriza contrato de rateio com CISMARG para parcelamento de dívida FELUMA/FCMMG. MIDES registra SOMETAL S.METALU.ITAIPU LTDA com CNPJ CISMARG em oito anos.","Lei sustenta relação institucional mas não valida os R$ 1140209.61 das 351 transações. Portal de despesas encerrou a conexão nas tentativas HTTP/HTTPS.","Conferir razão do credor/ordens de pagamento, priorizando R$ 188969.82 em 55 registros de 2019.","FALSE"
"C03","conflito_credor","3154606","Ribeirão das Neves","05802877","CISMEP","2014","sem_documento_conciliador","S14","Duas transações somam R$ 321.16 em 2014 com nome EMIVE PATRULHA 24HORAS e documento CISMEP; portal oficial atual aponta para Betha.","Não foi encontrado comprovante de 2014 para decidir entre erro no nome ou no CNPJ; nenhuma reatribuição autorizada pela evidência.","Conferir as duas transações no histórico municipal de 2014, incluindo beneficiário bancário e objeto.","FALSE"
