id_fonte,url,arquivo_local,paginas_ou_secao,alcance,limite
CIAS_SAMU,https://cias.mg.gov.br/uploads/contratos/Ouro_Preto.pdf,cias_rh_ouropreto.pdf,1-3;11;18-25,Contrato municipal SAMU assinado em fevereiro/2016 e aditivos ate julho/2021,Atendimento movel em Ouro Preto; nao identifica hospital receptor nem vincula todo repasse MIDES ao objeto
CIAS_REG,https://cias.mg.gov.br/uploads/contratos/Contrato_de_REGULAO_SAMU_compressed.pdf,cias_regulacao_2019.pdf,1-3;16,Contrato 001/2019 assinado 01/01/2019; 12 meses salvo Ouro Preto e Mariana com tres meses,Central em Belo Horizonte nao e destino clinico; renovacoes nao presumidas
CIAS_2020,https://cias.mg.gov.br/uploads/paginas/085c6202c73827ce5f80d2f1e2571bb4.pdf,cias_ata_2020.pdf,1-2,Assembleia 21/12/2020 com credenciamento de consultas e exames em preparacao,Nao comprova rede clinica funcionando em 2020
CIR_FHEMIG,https://www.fhemig.mg.gov.br/files/3070/ConsorcioEntidades-Filantropicas---CSSFe/33901/Ata-de-Julgamento---CSSFE--Edital-06/2024.pdf?preview=1,fhemig_circuito_2024.pdf,8-10,CEAE 01/2017-12/2019 com administracao e gestao tecnica municipais; transferencia de gestao em novembro/2019,Coluna de pontuacao da experiencia nao define vigencia; documento retrospectivo nao informa capacidade contratada
CIR_NOTICIA,https://saolourenco.mg.gov.br/noticia.php?id=903,circuito_suspensao_2017.html,noticia 03/05/2017,Centro Viva Vida atende 24 municipios via CIS; municipio custeou janeiro-abril; suspensao parcial anunciada,Nao informa data final da restricao nem cotas por municipio
CIR_CNES,https://cnes2.datasus.gov.br/Mod_Ind_Unidade_Listar.asp?VComp=201505&VEstado=31&VListar=1&VMun=&VSubUni=&VTipo=36,circuito_cnes_201505.html,linha 6019463,Centro Viva Vida Doutor Emilio Abdon Povoa em Sao Lourenco,Identificacao por nome e localidade; vinculo documental nao e propriedade do consorcio; cadastro de 2017 verificado nos ST
CONS_EDITAL,https://www.hojeemdia.com.br/polopoly_fs/1.647310.1534168964!/menu/standard/file/Editais%20-%2011-08-2018.pdf,consardoce_credenciamento_2018.pdf,3,Chamada publica CONSARDOCE 001/2018 processo 002/2018; documentos desde 13/08/2018 para clinica de consultas especializadas,Aviso primario publicado pelo consorcio em jornal; nao identifica vencedor ou execucao
CONS_CNES,https://cnes2.datasus.gov.br/Mod_Conjunto.asp?VCo_Unidade=3154305941954,consardoce_cnes_atual.html,ficha 5941954,Ficha atual com CNPJ 01124788000100 e data de cadastro exibida 12/10/2025,Data exibida nao prova inexistencia anterior; nao retroagir clinica a 2014-2021
CIAS_TRANSPORTE,https://www.lagoasanta.mg.gov.br/contratos/contratos/5177-2016-contrato-045-2016,cias_transporte_2016.html,objeto contrato 045/2016,Transporte eletivo PAS e cessao de onibus com CIAS,Pagina lida; anexos retornaram 403; vigencia exata nao inferida
